age,main_skill,second_skill,skill_level,want_to_learn,target_level,interest,goal,learning_style,availability,preferred_partner_level
13,Хөгжим,Япон хэл,Анхан,Видео эвлүүлэг,Ахисан,Хөгжим,Шинэ чадвар сурах,Видео,Амралтын өдөр,Анхан
14,Python,Байхгүй,Суурь,Гитар,Дунд,Технологи,Төсөл хийх,Практик хийж сурах,Өдөр бүр,Суурь
15,Гитар,Хөгжим,Дунд,3D моделчлол,Ахисан,Хөгжим,Шинэ чадвар сурах,Видео,Амралтын өдөр,Дунд
16,Япон хэл,Python,Анхан,Илтгэх урлаг,Суурь,Технологи,Төсөл хийх,Практик хийж сурах,Амралтын өдөр,Анхан
17,Видео эвлүүлэг,Гитар,Суурь,Python,Дунд,Технологи,Шинэ чадвар сурах,Видео,Өдөр бүр,Дунд
18,3D моделчлол,Байхгүй,Ахисан,Япон хэл,Ахисан,Хөгжим,Төсөл хийх,Практик хийж сурах,Амралтын өдөр,Ахисан
13,Илтгэх урлаг,Python,Суурь,Хөгжим,Дунд,Хөгжим,Шинэ чадвар сурах,Видео,Өдөр бүр,Суурь
14,Хөгжим,Байхгүй,Анхан,Видео эвлүүлэг,Суурь,Хөгжим,Төсөл хийх,Практик хийж сурах,Амралтын өдөр,Анхан
15,Python,Япон хэл,Дунд,Гитар,Ахисан,Технологи,Шинэ чадвар сурах,Видео,Өдөр бүр,Дунд
16,Гитар,Видео эвлүүлэг,Суурь,3D моделчлол,Дунд,Технологи,Төсөл хийх,Практик хийж сурах,Амралтын өдөр,Суурь
17,Япон хэл,Байхгүй,Ахисан,Илтгэх урлаг,Ахисан,Хөгжим,Шинэ чадвар сурах,Видео,Өдөр бүр,Ахисан
18,Видео эвлүүлэг,Хөгжим,Дунд,Python,Суурь,Технологи,Төсөл хийх,Практик хийж сурах,Амралтын өдөр,Анхан
13,3D моделчлол,Гитар,Анхан,Япон хэл,Дунд,Технологи,Шинэ чадвар сурах,Видео,Амралтын өдөр,Дунд
14,Илтгэх урлаг,Байхгүй,Суурь,Хөгжим,Ахисан,Хөгжим,Төсөл хийх,Практик хийж сурах,Өдөр бүр,Суурь
15,Хөгжим,Python,Ахисан,Видео эвлүүлэг,Дунд,Хөгжим,Шинэ чадвар сурах,Видео,Амралтын өдөр,Ахисан
16,Python,Гитар,Дунд,3D моделчлол,Ахисан,Технологи,Төсөл хийх,Практик хийж сурах,Өдөр бүр,Дунд
17,Гитар,Байхгүй,Анхан,Япон хэл,Суурь,Хөгжим,Шинэ чадвар сурах,Видео,Амралтын өдөр,Анхан
18,Япон хэл,Видео эвлүүлэг,Суурь,Илтгэх урлаг,Дунд,Технологи,Төсөл хийх,Практик хийж сурах,Өдөр бүр,Суурь